access_pattern,block_size,cache_size,category,channels,chip_Avg_Fraction_DataXfer,chip_Avg_Fraction_Exec,chip_Avg_Fraction_Idle,chip_Avg_Fraction_Overlap,chips_per_channel,energy_Energy_per_IO_Index,energy_Total_Chip_Power_Index,exp_name,ftl_Average_Page_Movement_For_GC,ftl_CMT_Hit_Rate,ftl_CMT_Hits,ftl_CMT_Read_Hit_Rate,ftl_CMT_Read_Hits,ftl_CMT_Write_Hit_Rate,ftl_CMT_Write_Hits,ftl_Mapping_Erase_CMD,ftl_Mapping_Program_CMD,ftl_Mapping_Read_CMD,ftl_Total_CMT_Queries,ftl_Total_CMT_Read_Queries,ftl_Total_CMT_Write_Queries,ftl_Total_Flash_Erase_CMD,ftl_Total_Flash_Program_CMD,ftl_Total_Flash_Read_CMD,ftl_Total_GC_Executions,host_BW_Bytes_per_s,host_BW_MiB_per_s,host_Device_Response_Time,host_E2E_Latency_ms_assuming_us,host_End_to_End_Request_Delay,host_IOPS,host_Read_BW_Bytes_per_s,host_Read_IOPS,host_Read_Request_Count,host_Request_Count,host_Write_BW_Bytes_per_s,host_Write_IOPS,host_Write_Request_Count,io_queue_depth,tpcc_variant,tsu_GC_Avg_Queue_Length,tsu_GC_Avg_Waiting_Time,tsu_GC_Transactions_Dequeued,tsu_GC_Transactions_Enqueued,tsu_Mapping_Avg_Queue_Length,tsu_Mapping_Avg_Waiting_Time,tsu_Mapping_Transactions_Dequeued,tsu_Mapping_Transactions_Enqueued,tsu_User_Avg_Queue_Length,tsu_User_Avg_Waiting_Time,tsu_User_Transactions_Dequeued,tsu_User_Transactions_Enqueued
seqread,128kb,0MB,cache,,0.18193581250000002,0.2823803125,0.8180641874999998,0.0,,1.4843576184853552e-05,21.547143000000005,wl_cache0MB_128kb_seqread_scenario_1,nan,0.0,0,,,,,0,16937,376124,23225824,,,0,0,12048298,0,1902140509.071885,1814.0225496977664,35275.0,35.275,35275.0,14512.180398,,,1451614,1451614,,,0,,,0.0,,,,130.36331409375003,105.53702860370274,376124.0,393061.0,5.560588742187502,6130.25,23225824.0,23225824.0
randread,4kb,0MB,cache,,0.094831875,0.64556709375,0.905168125,0.0,,1.3474603525830032e-06,31.775457000000003,wl_cache0MB_4kb_randread_scenario_1,nan,0.00437732791365929,103225,,,,,0,4026607,4279385,23581738,,,0,0,27538816,0,965839296.105874,921.096130472063,2171.0,2.171,2171.0,235800.609401,,,23581738,23581738,,,0,,,0.0,,,,32238.718914343754,33.47297782131261,4279385.0,8305992.0,1.9035643281249999,2066.119950785646,23581738.0,23581738.0
seqread,128kb,128MB,cache,,0.18193581250000002,0.2823803125,0.8180641874999998,0.0,,1.4843576184853552e-05,21.547143000000005,wl_cache128MB_128kb_seqread_scenario_1,nan,0.0,0,,,,,0,16937,376124,23225824,,,0,0,12048298,0,1902140509.071885,1814.0225496977664,35275.0,35.275,35275.0,14512.180398,,,1451614,1451614,,,0,,,0.0,,,,130.36331409375003,105.53702860370274,376124.0,393061.0,5.560588742187502,6130.25,23225824.0,23225824.0
seqwrite,128kb,128MB,cache,,0.046985500000000006,0.9520294999999999,0.9530145,0.0,,0.00010896515343646968,40.816711999999995,wl_cache128MB_128kb_seqwrite_scenario_1,nan,0.0,0,,,,,0,4280,126652,5993360,,,0,4054981,126644,0,490293289.602365,467.580117800107,136778.0,136.778,136778.0,3740.640942,,,0,374585,,,374585,,,0.0,,,,31.32338709375,691.1105688448965,126652.0,130932.0,0.20789000000000002,888.687497330379,5993360.0,5993360.0
mixed,4kb,128MB,cache,,0.03991009375000001,0.9090649375000001,0.9600899062500001,0.0,,3.943124353881233e-06,39.32863949999999,wl_cache128MB_4kb_mixed_scenario_1,nan,0.004248822534501755,42374,,,,,0,1800637,2053401,9973116,,,0,2974066,9056293,0,408401506.502094,389.48202753266713,5133.0,5.133,5133.0,99707.399048,,,6982150,9973979,,,2991829,,,0.0,,,,13864.061965624996,157.68997736919044,2053401.0,3854038.0,1.0169045546875002,2602.519485726521,10003938.0,10003938.0
randread,4kb,128MB,cache,,0.094831875,0.64556709375,0.905168125,0.0,,1.3474603525830032e-06,31.775457000000003,wl_cache128MB_4kb_randread_scenario_1,nan,0.00437732791365929,103225,,,,,0,4026607,4279385,23581738,,,0,0,27538816,0,965839296.105874,921.096130472063,2171.0,2.171,2171.0,235800.609401,,,23581738,23581738,,,0,,,0.0,,,,32238.718914343754,33.47297782131261,4279385.0,8305992.0,1.9035643281249999,2066.119950785646,23581738.0,23581738.0
randwrite,4kb,128MB,cache,,0.015578343749999996,0.9251826562500002,0.98442165625,0.0,,1.0191321138563136e-05,39.455098500000005,wl_cache128MB_4kb_randwrite_scenario_1,nan,0.003916804974481853,15158,,,,,0,696673,949515,3869991,,,0,3851965,968748,0,158517218.642192,151.17380012721253,13225.0,13.225,13225.0,38700.492833,,,0,3871441,,,3871441,,,0.0,,,,5166.305279734375,200.96035385994796,949515.0,1646188.0,0.8805976562499999,5797.636456848553,3889464.0,3889464.0
seqread,128kb,1GB,cache,,0.18193581250000002,0.2823803125,0.8180641874999998,0.0,,1.4843576184853552e-05,21.547143000000005,wl_cache1GB_128kb_seqread_scenario_1,nan,0.0,0,,,,,0,16937,376124,23225824,,,0,0,12048298,0,1902140509.071885,1814.0225496977664,35275.0,35.275,35275.0,14512.180398,,,1451614,1451614,,,0,,,0.0,,,,130.36331409375003,105.53702860370274,376124.0,393061.0,5.560588742187502,6130.25,23225824.0,23225824.0
seqwrite,128kb,1GB,cache,,0.046985500000000006,0.9520294999999999,0.9530145,0.0,,0.00010896515343646968,40.816711999999995,wl_cache1GB_128kb_seqwrite_scenario_1,nan,0.0,0,,,,,0,4280,126652,5993360,,,0,4054981,126644,0,490293289.602365,467.580117800107,136778.0,136.778,136778.0,3740.640942,,,0,374585,,,374585,,,0.0,,,,31.32338709375,691.1105688448965,126652.0,130932.0,0.20789000000000002,888.687497330379,5993360.0,5993360.0
mixed,4kb,1GB,cache,,0.03991009375000001,0.9090649375000001,0.9600899062500001,0.0,,3.943124353881233e-06,39.32863949999999,wl_cache1GB_4kb_mixed_scenario_1,nan,0.004248822534501755,42374,,,,,0,1800637,2053401,9973116,,,0,2974066,9056293,0,408401506.502094,389.48202753266713,5133.0,5.133,5133.0,99707.399048,,,6982150,9973979,,,2991829,,,0.0,,,,13864.061965624996,157.68997736919044,2053401.0,3854038.0,1.0169045546875002,2602.519485726521,10003938.0,10003938.0
randread,4kb,1GB,cache,,0.094831875,0.64556709375,0.905168125,0.0,,1.3474603525830032e-06,31.775457000000003,wl_cache1GB_4kb_randread_scenario_1,nan,0.00437732791365929,103225,,,,,0,4026607,4279385,23581738,,,0,0,27538816,0,965839296.105874,921.096130472063,2171.0,2.171,2171.0,235800.609401,,,23581738,23581738,,,0,,,0.0,,,,32238.718914343754,33.47297782131261,4279385.0,8305992.0,1.9035643281249999,2066.119950785646,23581738.0,23581738.0
randwrite,4kb,1GB,cache,,0.015578343749999996,0.9251826562500002,0.98442165625,0.0,,1.0191321138563136e-05,39.455098500000005,wl_cache1GB_4kb_randwrite_scenario_1,nan,0.003916804974481853,15158,,,,,0,696673,949515,3869991,,,0,3851965,968748,0,158517218.642192,151.17380012721253,13225.0,13.225,13225.0,38700.492833,,,0,3871441,,,3871441,,,0.0,,,,5166.305279734375,200.96035385994796,949515.0,1646188.0,0.8805976562499999,5797.636456848553,3889464.0,3889464.0
seqread,128kb,256MB,cache,,0.18193581250000002,0.2823803125,0.8180641874999998,0.0,,1.4843576184853552e-05,21.547143000000005,wl_cache256MB_128kb_seqread_scenario_1,nan,0.0,0,,,,,0,16937,376124,23225824,,,0,0,12048298,0,1902140509.071885,1814.0225496977664,35275.0,35.275,35275.0,14512.180398,,,1451614,1451614,,,0,,,0.0,,,,130.36331409375003,105.53702860370274,376124.0,393061.0,5.560588742187502,6130.25,23225824.0,23225824.0
seqwrite,128kb,256MB,cache,,0.046985500000000006,0.9520294999999999,0.9530145,0.0,,0.00010896515343646968,40.816711999999995,wl_cache256MB_128kb_seqwrite_scenario_1,nan,0.0,0,,,,,0,4280,126652,5993360,,,0,4054981,126644,0,490293289.602365,467.580117800107,136778.0,136.778,136778.0,3740.640942,,,0,374585,,,374585,,,0.0,,,,31.32338709375,691.1105688448965,126652.0,130932.0,0.20789000000000002,888.687497330379,5993360.0,5993360.0
mixed,4kb,256MB,cache,,0.03991009375000001,0.9090649375000001,0.9600899062500001,0.0,,3.943124353881233e-06,39.32863949999999,wl_cache256MB_4kb_mixed_scenario_1,nan,0.004248822534501755,42374,,,,,0,1800637,2053401,9973116,,,0,2974066,9056293,0,408401506.502094,389.48202753266713,5133.0,5.133,5133.0,99707.399048,,,6982150,9973979,,,2991829,,,0.0,,,,13864.061965624996,157.68997736919044,2053401.0,3854038.0,1.0169045546875002,2602.519485726521,10003938.0,10003938.0
randread,4kb,256MB,cache,,0.094831875,0.64556709375,0.905168125,0.0,,1.3474603525830032e-06,31.775457000000003,wl_cache256MB_4kb_randread_scenario_1,nan,0.00437732791365929,103225,,,,,0,4026607,4279385,23581738,,,0,0,27538816,0,965839296.105874,921.096130472063,2171.0,2.171,2171.0,235800.609401,,,23581738,23581738,,,0,,,0.0,,,,32238.718914343754,33.47297782131261,4279385.0,8305992.0,1.9035643281249999,2066.119950785646,23581738.0,23581738.0
randwrite,4kb,256MB,cache,,0.015578343749999996,0.9251826562500002,0.98442165625,0.0,,1.0191321138563136e-05,39.455098500000005,wl_cache256MB_4kb_randwrite_scenario_1,nan,0.003916804974481853,15158,,,,,0,696673,949515,3869991,,,0,3851965,968748,0,158517218.642192,151.17380012721253,13225.0,13.225,13225.0,38700.492833,,,0,3871441,,,3871441,,,0.0,,,,5166.305279734375,200.96035385994796,949515.0,1646188.0,0.8805976562499999,5797.636456848553,3889464.0,3889464.0
seqread,128kb,,ch_chip,16,0.28380653125,0.43849493749999996,0.7161934687499998,0.0,2,1.2439538117269098e-05,28.172742500000005,wl_ch16_chip2_128kb_seqread_scenario_1,nan,0.0,0,,,,,0,26514,499186,36236384,,,0,0,18708942,0,2967721447.94952,2830.239723157425,22609.0,22.609,22609.0,22641.917785,,,2264774,2264774,,,0,,,0.0,,,,205.62058978124995,79.78810918774967,499186.0,525700.0,5.915746253906251,4179.812591565427,36236384.0,36236384.0
seqwrite,128kb,,ch_chip,16,0.046973156249999995,0.9524579375000001,0.9530268437499996,0.0,2,0.00010902363767930189,40.83022449999999,wl_ch16_chip2_128kb_seqwrite_scenario_1,nan,0.0,0,,,,,0,4279,124688,5992128,,,0,4057110,124681,0,490180214.915802,467.4722813756962,136807.0,136.807,136807.0,3739.778251,,,0,374508,,,374508,,,0.0,,,,31.292834906249997,691.063016120403,124688.0,128967.0,0.20839505078124998,891.03125,5992128.0,5992128.0
mixed,4kb,,ch_chip,16,0.0401311875,0.91406315625,0.9598688125,0.0,2,3.937934935724567e-06,39.49212000000001,wl_ch16_chip2_4kb_mixed_scenario_1,nan,0.0042464200062606325,42582,,,,,0,1810536,2063284,10027741,,,0,2990453,9104470,0,410652950.700741,391.62917203973865,5105.0,5.105,5105.0,100257.068042,,,7020318,10028637,,,3008319,,,0.0,,,,13943.771703453125,158.13908415982158,2063284.0,3873820.0,1.0168847343749998,2588.224483528741,10058885.0,10058885.0
randread,4kb,,ch_chip,16,0.11811631249999997,0.7976126875000001,0.8818836875,0.0,2,1.2636335973787712e-06,37.013467000000006,wl_ch16_chip2_4kb_randread_scenario_1,nan,0.004381335520922819,128335,,,,,0,4899706,5152470,29291297,,,0,0,34023964,0,1199716300.391116,1144.1386226569327,1747.0,1.747,1747.0,292899.4874,,,29291297,29291297,,,0,,,0.0,,,,39430.69224543751,27.64686481812495,5152470.0,10052176.0,1.8924635585937495,1653.5275158010245,29291297.0,29291297.0
randwrite,4kb,,ch_chip,16,0.015580843750000002,0.9253140624999998,0.9844191562500001,0.0,2,1.0190538214508457e-05,39.459343499999996,wl_ch16_chip2_4kb_randwrite_scenario_1,nan,0.0039163428452144225,15159,,,,,0,696804,949659,3870703,,,0,3852582,968876,0,158543691.792436,151.1990468906746,13223.0,13.223,13223.0,38706.956004,,,0,3872155,,,3872155,,,0.0,,,,5167.297666171875,200.75952572271592,949659.0,1646463.0,0.8805604726562499,5796.319858443349,3890174.0,3890174.0
seqread,128kb,,ch_chip,16,0.15620495312499996,0.3759714531250001,0.8437950468750002,0.0,4,1.9278698200269326e-05,48.26073150000001,wl_ch16_chip4_128kb_seqread_scenario_1,nan,0.0,0,,,,,0,29241,517125,40053104,,,0,0,32080908,0,3280479629.282977,3128.5091679410716,20454.0,20.454,20454.0,25028.073344,,,2503319,2503319,,,0,,,0.0,,,,113.16917130468748,75.88093146352445,517125.0,546366.0,0.2227578359374999,284.29687359561444,40053104.0,40053104.0
seqwrite,128kb,,ch_chip,16,0.04672003125000005,0.9523586718750001,0.9532799687499997,0.0,4,0.00010958855766868942,81.645996,wl_ch16_chip4_128kb_seqwrite_scenario_1,nan,0.0,0,,,,,0,8721,136032,11920368,,,0,8119005,136011,0,975818196.929642,930.6127518936557,68746.0,68.746,68746.0,7444.902015,,,0,745023,,,745023,,,0.0,,,,33.370745281249995,657.1618964719212,136032.0,144753.0,0.2101115996093751,902.5624771819125,11920368.0,11920368.0
mixed,4kb,,ch_chip,16,0.03891531249999999,0.9095377968749999,0.9610846874999995,0.0,4,4.049681532269732e-06,78.65570899999999,wl_ch16_chip4_4kb_mixed_scenario_1,nan,0.002094796236359212,40683,,,,,0,5771118,6050833,19420982,,,0,5792785,19707396,0,795280761.769285,758.4388368313646,2636.0,2.636,2636.0,194160.342229,,,13595286,19422690,,,5827404,,,0.0,,,,22542.195456140627,151.4538194245603,6050833.0,11821951.0,1.0199763046875003,2677.7037463031675,19505549.0,19505549.0
randread,4kb,,ch_chip,16,0.090957046875,0.6770307968750001,0.9090429531249999,0.0,4,1.4446601100505726e-06,65.4405965,wl_ch16_chip4_4kb_randread_scenario_1,nan,0.0021884281881436297,99132,,,,,0,12532819,12812607,45298265,,,0,0,57759941,0,1855351263.314359,1769.4008477347936,1130.0,1.13,1130.0,452966.61702,,,45298265,45298265,,,0,,,0.0,,,,50663.254326265625,30.623449414501852,12812607.0,25345426.0,0.9108709707031247,1029.1018215598324,45298265.0,45298265.0
randwrite,4kb,,ch_chip,16,0.0154335,0.9253237499999999,0.9845664999999999,0.0,4,1.0286398056660407e-05,78.91459200000003,wl_ch16_chip4_4kb_randwrite_scenario_1,nan,0.001815500406834825,13923,,,,,0,2324503,2604365,7668960,,,0,7633615,2651679,0,314124849.24868,299.57280087345123,6674.0,6.674,6674.0,76690.637024,,,0,7671742,,,7671742,,,0.0,,,,8877.361303710935,186.5054302529506,2604365.0,4928868.0,0.8835222910156253,5863.543815160405,7716918.0,7716918.0
seqread,128kb,,ch_chip,16,0.07794181249999999,0.244951296875,0.9220581874999991,0.0,8,2.9857214191096932e-05,74.74204200000001,wl_ch16_chip8_128kb_seqread_scenario_1,nan,0.008820465240786973,375367,,,,,0,29249,433328,42556372,,,0,0,41802412,0,3280476196.227568,3128.5058939243013,20454.0,20.454,20454.0,25028.047151,,,2503316,2503316,,,0,,,0.0,,,,56.612193585937554,114.71353309827337,433328.0,462577.0,0.0638820537109375,153.25735302342034,42556372.0,42556372.0
seqwrite,128kb,,ch_chip,16,0.021498804687499984,0.6399632578125002,0.978501195312498,0.0,8,0.00018152627398273805,121.69122049999997,wl_ch16_chip8_128kb_seqwrite_scenario_1,nan,8.799888769405954e-08,1,,,,,0,17148,230243,11363780,,,0,10920911,230249,0,876919394.303713,836.2955039059763,76401.0,76.401,76401.0,6690.364031,,,0,670378,,,670378,,,0.0,,,,32.2288496484375,249.9419784874955,230243.0,247391.0,0.7593992724609374,6856.278889394296,11363781.0,11363781.0
mixed,4kb,,ch_chip,16,0.037090335937499996,0.8946036250000002,0.9629096640624999,0.0,8,4.206671650929386e-06,155.28304549999996,wl_ch16_chip8_4kb_mixed_scenario_1,nan,0.0010238556940814227,37791,,,,,0,16258350,16612102,36910475,,,0,11009660,42610269,0,1511589394.894633,1441.5639828630763,1387.0,1.387,1387.0,369040.379613,,,25834742,36913517,,,11078775,,,0.0,,,,31946.93345278906,149.43884264201782,16612102.0,32870452.0,1.0243814511718747,2825.5159566279012,37127832.0,37127832.0
randread,4kb,,ch_chip,16,0.061626671874999976,0.5125173671875001,0.938373328125,0.0,8,1.7533228221345637e-06,107.94633000000002,wl_ch16_chip8_4kb_randread_scenario_1,nan,0.0010986130704354433,67638,,,,,0,25809051,26162888,61566717,,,0,0,87448184,0,2521718644.616754,2404.898304573778,831.0,0.831,831.0,615653.965971,,,61566717,61566717,,,0,,,0.0,,,,51742.69081264063,38.781787360290714,26162888.0,51971939.0,0.43086161425781233,716.1654669518922,61566717.0,61566717.0
randwrite,4kb,,ch_chip,16,0.015282578125000007,0.9253728671874999,0.9847174218749999,0.0,8,1.0424276745835284e-05,157.82581200000004,wl_ch16_chip8_4kb_randwrite_scenario_1,nan,0.0007412738770764539,11219,,,,,0,6873194,7227029,15134757,,,0,15064374,7351734,0,619879795.023722,591.1634397732945,3381.0,3.381,3381.0,151337.840582,,,0,15140217,,,15140217,,,0.0,,,,13272.463025957033,182.63513435213045,7227029.0,14100223.0,0.8859089746093753,5946.3624847176625,15261082.0,15261082.0
seqread,128kb,,ch_chip,4,0.278131375,0.44882237499999994,0.721868625,0.0,2,1.281637559746022e-05,7.103104500000001,wl_ch4_chip2_128kb_seqread_scenario_1,nan,0.0,0,,,,,0,5313,317140,8867536,,,0,0,4789354,0,725944398.963877,692.3145284308214,92413.0,92.413,92413.0,5538.516227,,,554221,554221,,,0,,,0.0,,,,158.804632125,92.82257879442895,317140.0,322453.0,82.6462710625,59688.0,8867536.0,8867536.0
seqwrite,128kb,,ch_chip,4,0.04835725,0.9509704999999999,0.9516427499999999,0.0,2,0.00010589180576316227,10.201193,wl_ch4_chip2_128kb_seqwrite_scenario_1,nan,0.0,0,,,,,0,806,117510,1541376,,,0,1008052,117506,0,125596309.420457,119.77797452970219,532893.0,532.893,532893.0,958.223796,,,0,96336,,,96336,,,0.0,,,,18.165396187499997,685.1690557490111,117510.0,118316.0,0.20751648437499998,865.875,1541376.0,1541376.0
mixed,4kb,,ch_chip,4,0.0412365,0.9167387499999999,0.9587635000000001,0.0,2,3.872890351280451e-06,9.898856,wl_ch4_chip2_4kb_mixed_scenario_1,nan,0.0187534702019457,47928,,,,,0,98053,363975,2555687,,,0,762654,2157346,0,104627834.833753,99.78087886214543,20036.0,20.036,20036.0,25543.904989,,,1787965,2555935,,,767970,,,0.0,,,,2752.4417623125,234.07127706545924,363975.0,462028.0,1.011392953125,2525.570468264719,2563913.0,2563913.0
randread,4kb,,ch_chip,4,0.127111,0.755084,0.872889,0.0,2,1.1383369988437424e-06,8.949116,wl_ch4_chip2_4kb_randread_scenario_1,nan,0.019505391416727195,153343,,,,,0,299763,565758,7861570,,,0,0,8053158,0,321966942.038089,307.0516033535852,6512.0,6.512,6512.0,78605.210459,,,7861570,7861570,,,0,,,0.0,,,,9170.5322186875,47.30900232345605,565758.0,865521.0,7.875203953125,6411.526870586918,7861570.0,7861570.0
randwrite,4kb,,ch_chip,4,0.016061375000000003,0.9304025,0.983938625,0.0,2,1.022591058141587e-05,9.907465499999999,wl_ch4_chip2_4kb_randwrite_scenario_1,nan,0.016864397154333032,16333,,,,,0,31088,297214,968490,,,0,962516,305821,0,39657410.285699,37.820253644656184,52858.0,52.858,52858.0,9681.984933,,,0,968859,,,968859,,,0.0,,,,777.521583,286.7551279005306,297214.0,328302.0,0.868575484375,5691.965492505178,977208.0,977208.0
seqread,128kb,,ch_chip,4,0.14339449999999998,0.36607218750000003,0.8566055000000001,0.0,4,2.060304918490592e-05,11.804310999999998,wl_ch4_chip4_128kb_seqread_scenario_1,nan,0.03398066525803954,330971,,,,,0,6673,343858,9739980,,,0,0,7811481,0,750576975.852214,715.8059843561306,89386.0,89.386,89386.0,5726.447875,,,572940,572940,,,0,,,0.0,,,,100.9537885,101.18835709252534,343858.0,350531.0,8.164507101562505,10734.411764705883,9739980.0,9739980.0
seqwrite,128kb,,ch_chip,4,0.024305249999999997,0.6613051874999999,0.9756947499999998,0.0,4,0.00016173753894081,15.575325000000001,wl_ch4_chip4_128kb_seqwrite_scenario_1,nan,0.0,0,,,,,0,1596,143245,1604344,,,0,1406778,143246,0,125305538.468868,119.50067374121475,533464.0,533.464,533464.0,956.00539,,,0,96300,,,96300,,,0.0,,,,18.33953971875,263.114132048246,143245.0,144841.0,0.7246274921875001,5823.169117922047,1604348.0,1604348.0
mixed,4kb,,ch_chip,4,0.040603625000000004,0.9093804374999999,0.9593963750000001,0.0,4,3.882511062983774e-06,19.674916,wl_ch4_chip4_4kb_mixed_scenario_1,nan,0.008556901351413756,43359,,,,,0,507518,750103,5067138,,,0,1510235,4304867,0,207479639.841174,197.86800369374657,10104.0,10.104,10104.0,50654.208946,,,3546928,5067575,,,1520647,,,0.0,,,,7601.034463812501,176.88383066122464,750103.0,1257621.0,1.014289515625,2556.3177453346043,5080062.0,5080062.0
randread,4kb,,ch_chip,4,0.0976595,0.6214683125,0.9023405,0.0,4,1.2804530916659698e-06,15.524769,wl_ch4_chip4_4kb_randread_scenario_1,nan,0.00869921020643108,105473,,,,,0,1172021,1414629,12124434,,,0,0,13255538,0,496576280.234339,473.5720445960417,4222.0,4.222,4222.0,121234.443417,,,12124434,12124434,,,0,,,0.0,,,,18376.072445718746,38.86387605590242,1414629.0,2586650.0,3.896295640625,4113.291997300657,12124434.0,12124434.0
randwrite,4kb,,ch_chip,4,0.015766125,0.9273802500000001,0.984233875,0.0,4,1.0158295312092835e-05,19.764212999999998,wl_ch4_chip4_4kb_randwrite_scenario_1,nan,0.007943787803689208,15450,,,,,0,185266,427942,1944916,,,0,1935423,438469,0,79657682.369016,75.96748577977753,26318.0,26.318,26318.0,19447.67636,,,0,1945623,,,1945623,,,0.0,,,,2603.5380389375,235.88137793375168,427942.0,613208.0,0.8764041093749998,5738.246790489233,1955594.0,1955594.0
seqread,128kb,,ch_chip,4,0.10605053125,0.1654561875,0.89394946875,0.0,8,1.9609690904664085e-05,16.591406499999998,wl_ch4_chip8_128kb_seqread_scenario_1,nan,0.0,0,,,,,0,9903,236327,13537312,,,0,0,7059462,0,1108682022.282114,1057.321569711794,60523.0,60.523,60523.0,8458.572558,,,846082,846082,,,0,,,0.0,,,,76.212753125,200.94665150469075,236327.0,246230.0,5.480813273437501,10366.875,13537312.0,13537312.0
seqwrite,128kb,,ch_chip,4,0.04686240625,0.9509275,0.9531375937500001,0.0,8,0.00010915657798585064,40.77947849999998,wl_ch4_chip8_128kb_seqwrite_scenario_1,nan,0.0,0,,,,,0,4280,131933,5977392,,,0,4049774,131924,0,488983469.384078,466.3309758988171,137143.0,137.143,137143.0,3730.647807,,,0,373587,,,373587,,,0.0,,,,31.420102859375003,664.7610140001321,131933.0,136213.0,0.20966544531249998,898.7187365325881,5977392.0,5977392.0
mixed,4kb,,ch_chip,4,0.03915743750000001,0.8920585000000001,0.9608425624999998,0.0,8,3.961719601118164e-06,38.772391,wl_ch4_chip8_4kb_mixed_scenario_1,nan,0.004252136977037275,41611,,,,,0,1767217,2019980,9785903,,,0,2918082,8890790,0,400730641.692046,382.16652077869986,5231.0,5.231,5231.0,97834.629319,,,6850953,9786758,,,2935805,,,0.0,,,,13596.895332312499,156.71103008372683,2019980.0,3787197.0,1.0173886523437499,2653.790681276793,9815658.0,9815658.0
randread,4kb,,ch_chip,4,0.06783675,0.4667629374999999,0.93216325,0.0,8,1.5137186912086896e-06,25.621802,wl_ch4_chip8_4kb_randread_scenario_1,nan,0.004381972393887039,74171,,,,,0,2957867,3210658,16926396,,,0,0,19911130,0,693262714.109805,661.1468449686098,3024.0,3.024,3024.0,169253.592312,,,16926396,16926396,,,0,,,0.0,,,,23297.320405484374,45.57546139474186,3210658.0,6168525.0,1.9158927695312502,2897.283990047261,16926396.0,16926396.0
randwrite,4kb,,ch_chip,4,0.01557371875,0.9248670000000002,0.98442628125,0.0,8,1.0192128519514562e-05,39.44492350000001,wl_ch4_chip8_4kb_randwrite_scenario_1,nan,0.003912708120297486,15137,,,,,0,696455,949298,3868676,,,0,3850487,968502,0,158470010.29887,151.12877874266624,13230.0,13.23,13230.0,38688.967358,,,0,3870136,,,3870136,,,0.0,,,,5164.507127546876,200.7689155055467,949298.0,1645753.0,0.8806551523437499,5799.66766045932,3888135.0,3888135.0
seqread,128kb,,ch_chip,8,0.209056125,0.44678518750000007,0.7909438750000001,0.0,2,1.6326980428257724e-05,13.621012,wl_ch8_chip2_128kb_seqread_scenario_1,nan,0.023964327287305767,338267,,,,,0,9760,378561,14115439,,,0,0,9532071,0,1093119675.830591,1042.4801595979604,61382.0,61.382,61382.0,8339.841277,,,834264,834264,,,0,,,0.0,,,,146.61467503125002,116.57002067876834,378561.0,388321.0,8.703966046875001,7895.01864136142,14115439.0,14115439.0
seqwrite,128kb,,ch_chip,8,0.023557187500000003,0.64309725,0.9764428125,0.0,2,0.00016342218787437958,15.278013499999998,wl_ch8_chip2_128kb_seqwrite_scenario_1,nan,1.2849027778313154e-06,2,,,,,0,1596,148347,1556538,,,0,1369070,148354,0,121476851.399678,115.84935321777154,549827.0,549.827,549827.0,926.794826,,,0,93488,,,93488,,,0.0,,,,19.158317750000002,240.0617901469225,148347.0,149943.0,0.732381421875,6074.660524224453,1556547.0,1556547.0
mixed,4kb,,ch_chip,8,0.0408245625,0.9142276249999999,0.9591754374999998,0.0,2,3.8767673284736625e-06,19.7542385,wl_ch8_chip2_4kb_mixed_scenario_1,nan,0.008558969037646393,43609,,,,,0,510274,752851,5095123,,,0,1518503,4327306,0,208606866.520616,198.9430108266983,10049.0,10.049,10049.0,50929.410772,,,3566552,5095544,,,1528992,,,0.0,,,,7647.6602587812495,177.35466244433448,752851.0,1263125.0,1.01428578125,2542.377487388825,5108168.0,5108168.0
randread,4kb,,ch_chip,8,0.123573125,0.7788308125,0.876426875,0.0,2,1.1931562193863486e-06,18.249878,wl_ch8_chip2_4kb_randread_scenario_1,nan,0.00874082669214873,133695,,,,,0,1453365,1695958,15295464,,,0,0,16611935,0,626452846.236714,597.4319898955479,3347.0,3.347,3347.0,152942.589413,,,15295464,15295464,,,0,,,0.0,,,,23114.659983156245,31.73881624717439,1695958.0,3149323.0,3.8847944062499997,3250.8625067536364,15295464.0,15295464.0
randwrite,4kb,,ch_chip,8,0.015769375000000002,0.9275571874999999,0.9842306250000002,0.0,2,1.0157414444370793e-05,19.76707,wl_ch8_chip2_4kb_randwrite_scenario_1,nan,0.00793992265694918,15446,,,,,0,185329,427998,1945359,,,0,1935814,438527,0,79675329.03287,75.98431494986534,26312.0,26.312,26312.0,19451.984627,,,0,1946073,,,1946073,,,0.0,,,,2604.32467725,235.43299414504824,427998.0,613327.0,0.8763946249999998,5737.038280855789,1956043.0,1956043.0
seqread,128kb,,ch_chip,8,0.18193581250000002,0.2823803125,0.8180641874999998,0.0,4,1.4843576184853552e-05,21.547143000000005,wl_ch8_chip4_128kb_seqread_scenario_1,nan,0.0,0,,,,,0,16937,376124,23225824,,,0,0,12048298,0,1902140509.071885,1814.0225496977664,35275.0,35.275,35275.0,14512.180398,,,1451614,1451614,,,0,,,0.0,,,,130.36331409375003,105.53702860370274,376124.0,393061.0,5.560588742187502,6130.25,23225824.0,23225824.0
seqwrite,128kb,,ch_chip,8,0.046985500000000006,0.9520294999999999,0.9530145,0.0,4,0.00010896515343646968,40.816711999999995,wl_ch8_chip4_128kb_seqwrite_scenario_1,nan,0.0,0,,,,,0,4280,126652,5993360,,,0,4054981,126644,0,490293289.602365,467.580117800107,136778.0,136.778,136778.0,3740.640942,,,0,374585,,,374585,,,0.0,,,,31.32338709375,691.1105688448965,126652.0,130932.0,0.20789000000000002,888.687497330379,5993360.0,5993360.0
mixed,4kb,,ch_chip,8,0.03991009375000001,0.9090649375000001,0.9600899062500001,0.0,4,3.943124353881233e-06,39.32863949999999,wl_ch8_chip4_4kb_mixed_scenario_1,nan,0.004248822534501755,42374,,,,,0,1800637,2053401,9973116,,,0,2974066,9056293,0,408401506.502094,389.48202753266713,5133.0,5.133,5133.0,99707.399048,,,6982150,9973979,,,2991829,,,0.0,,,,13864.061965624996,157.68997736919044,2053401.0,3854038.0,1.0169045546875002,2602.519485726521,10003938.0,10003938.0
randread,4kb,,ch_chip,8,0.094831875,0.64556709375,0.905168125,0.0,4,1.3474603525830032e-06,31.775457000000003,wl_ch8_chip4_4kb_randread_scenario_1,nan,0.00437732791365929,103225,,,,,0,4026607,4279385,23581738,,,0,0,27538816,0,965839296.105874,921.096130472063,2171.0,2.171,2171.0,235800.609401,,,23581738,23581738,,,0,,,0.0,,,,32238.718914343754,33.47297782131261,4279385.0,8305992.0,1.9035643281249999,2066.119950785646,23581738.0,23581738.0
randwrite,4kb,,ch_chip,8,0.015578343749999996,0.9251826562500002,0.98442165625,0.0,4,1.0191321138563136e-05,39.455098500000005,wl_ch8_chip4_4kb_randwrite_scenario_1,nan,0.003916804974481853,15158,,,,,0,696673,949515,3869991,,,0,3851965,968748,0,158517218.642192,151.17380012721253,13225.0,13.225,13225.0,38700.492833,,,0,3871441,,,3871441,,,0.0,,,,5166.305279734375,200.96035385994796,949515.0,1646188.0,0.8805976562499999,5797.636456848553,3889464.0,3889464.0
seqread,128kb,,ch_chip,8,0.10639939062499998,0.16272834375,0.8936006093749994,0.0,8,1.9440418029640414e-05,33.019394500000004,wl_ch8_chip8_128kb_seqread_scenario_1,nan,0.0,0,,,,,0,19836,271611,27175872,,,0,0,13885435,0,2225766791.119322,2122.656623000452,30147.0,30.147,30147.0,16981.252984,,,1698492,1698492,,,0,,,0.0,,,,76.54707082031251,232.42593679125193,271611.0,291447.0,3.942386314453125,7428.703125,27175872.0,27175872.0
seqwrite,128kb,,ch_chip,8,0.04659403124999995,0.9514490937500001,0.9534059687500006,0.0,8,0.00010980345976705186,81.58375099999999,wl_ch8_chip8_128kb_seqwrite_scenario_1,nan,0.0,0,,,,,0,8551,142030,11887968,,,0,8110623,142011,0,973167655.441416,928.0849985517655,68933.0,68.933,68933.0,7424.679988,,,0,742998,,,742998,,,0.0,,,,32.158429984375005,629.59239877541,142030.0,150581.0,0.21143978710937497,910.8281021617825,11887968.0,11887968.0
mixed,4kb,,ch_chip,8,0.038184984374999995,0.892667984375,0.9618150156249999,0.0,8,4.068868941128931e-06,77.55267050000002,wl_ch8_chip8_4kb_mixed_scenario_1,nan,0.0020960870261248483,39948,,,,,0,5665763,5945492,19058369,,,0,5684797,19346290,0,780440930.258611,744.2864706598386,2686.0,2.686,2686.0,190537.336489,,,13341506,19060007,,,5718501,,,0.0,,,,22122.46137490625,150.58151267886203,5945492.0,11611255.0,1.0206485390625002,2730.716733757363,19140011.0,19140011.0
randread,4kb,,ch_chip,8,0.06499550000000001,0.48918056249999997,0.9350045000000001,0.0,8,1.6200478823339423e-06,52.58741199999999,wl_ch8_chip8_4kb_randread_scenario_1,nan,0.0021842610348126886,70902,,,,,0,9243872,9523675,32460406,,,0,0,41733871,0,1329527625.93097,1267.9363498029422,1577.0,1.577,1577.0,324591.70555,,,32460406,32460406,,,0,,,0.0,,,,36854.467021156255,42.95131873121191,9523675.0,18767547.0,0.9238353847656252,1456.7044132473266,32460406.0,32460406.0
randwrite,4kb,,ch_chip,8,0.015428375000000003,0.9250102968750002,0.9845716249999998,0.0,8,1.0287127446398807e-05,78.89436700000002,wl_ch8_chip8_4kb_randwrite_scenario_1,nan,0.0018159629429817376,13922,,,,,0,2323775,2603632,7666456,,,0,7631111,2650943,0,314018161.807623,299.4710558010321,6676.0,6.676,6676.0,76664.590285,,,0,7669232,,,7669232,,,0.0,,,,8874.214778960932,186.65689966345383,2603632.0,4927407.0,0.8835419667968749,5865.640696200127,7714391.0,7714391.0
seqread,128kb,,ioqd,,0.18192846875000004,0.282621625,0.8180715312500001,0.0,,1.4852017258997274e-05,21.5547475,wl_ioqd128_128kb_seqread_scenario_1,nan,0.0,0,,,,,0,16933,373777,23220816,,,0,0,12056297,0,1902092928.291277,1813.9771731293458,8820.0,8.82,8820.0,14511.817385,,,1451301,1451301,,,0,128,,0.0,,,,130.3731726875,107.05910265926134,373777.0,390710.0,2.966374328125,3270.06248871702,23220816.0,23220816.0
seqwrite,128kb,,ioqd,,0.04698528125000002,0.9520264374999999,0.9530147187500001,0.0,,0.00010907670075707976,40.8166105,wl_ioqd128_128kb_seqwrite_scenario_1,nan,0.0,0,,,,,0,4280,126524,5987216,,,0,4050828,126516,0,490291232.308421,467.5781558117113,34212.0,34.212,34212.0,3740.625246,,,0,374201,,,374201,128,,0.0,,,,31.35538499999999,691.0572000856243,126524.0,130804.0,0.20789048437500002,888.6562472441282,5987216.0,5987216.0
mixed,4kb,,ioqd,,0.03990984374999999,0.9090139062499999,0.9600901562499997,0.0,,3.943489637648607e-06,39.327002500000006,wl_ioqd128_4kb_mixed_scenario_1,nan,0.0042496917802655534,42377,,,,,0,1800521,2053259,9971782,,,0,2973423,9055485,0,408399963.116872,389.48055564582063,1283.0,1.283,1283.0,99707.022245,,,6981211,9972640,,,2991429,128,,0.0,,,,13863.522799906252,157.5396522375434,2053259.0,3853780.0,1.0168325195312498,2602.4066465030874,10002523.0,10002523.0
randread,4kb,,ioqd,,0.08973709375000002,0.61744046875,0.9102629062499998,0.0,,1.37880232625042e-06,30.793888499999998,wl_ioqd128_4kb_randread_scenario_1,nan,0.004376148343799162,97736,,,,,0,3830561,4083374,22333795,,,0,0,26337549,0,914776750.028687,872.3990917479391,573.0,0.573,573.0,223334.167487,,,22333795,22333795,,,0,128,,0.0,,,,30575.43790414062,28.00762907453751,4083374.0,7913935.0,0.4121024804687501,471.8832451448578,22333795.0,22333795.0
randwrite,4kb,,ioqd,,0.01557834375,0.9251882812500001,0.9844216562499999,0.0,,1.0192470748035015e-05,39.4552785,wl_ioqd128_4kb_randwrite_scenario_1,nan,0.00391516471214236,15150,,,,,0,696620,949470,3869569,,,0,3851540,968695,0,158518289.437527,151.17482131722164,3306.0,3.306,3306.0,38700.754257,,,0,3871022,,,3871022,128,,0.0,,,,5166.041320359375,200.56608873147883,949470.0,1646090.0,0.8806133281249998,5797.644842486632,3889035.0,3889035.0
seqread,128kb,,ioqd,,0.1819654375,0.2824065625,0.8180345625000001,0.0,,1.4843745134967205e-05,21.548457000000003,wl_ioqd256_128kb_seqread_scenario_1,nan,0.0,0,,,,,0,16934,372657,23226976,,,0,0,12047913,0,1902473238.97006,1814.3398656559564,17635.0,17.635,17635.0,14514.718925,,,1451686,1451686,,,0,256,,0.0,,,,130.327923515625,107.66721510507173,372657.0,389591.0,3.6502242656250004,4023.28125,23226976.0,23226976.0
seqwrite,128kb,,ioqd,,0.04698537500000002,0.9520281562499999,0.9530146250000001,0.0,,0.000109039553440957,40.816666999999995,wl_ioqd256_128kb_seqwrite_scenario_1,nan,0.0,0,,,,,0,4280,126566,5989264,,,0,4052215,126558,0,490292018.482115,467.5789055653715,68412.0,68.412,68412.0,3740.631245,,,0,374329,,,374329,256,,0.0,,,,31.3447181875,691.095646790884,126566.0,130846.0,0.20789027343750002,888.6562472450705,5989264.0,5989264.0
mixed,4kb,,ioqd,,0.039912718750000006,0.909048625,0.96008728125,0.0,,3.943083740059114e-06,39.3281595,wl_ioqd256_4kb_mixed_scenario_1,nan,0.004248027619098136,42366,,,,,0,1800678,2053427,9973099,,,0,2973739,9056204,0,408428818.140552,389.5080739408035,2566.0,2.566,2566.0,99714.066929,,,6982135,9973960,,,2991825,256,,0.0,,,,13864.360969406254,157.60573596204566,2053427.0,3854105.0,1.0168813671874999,2602.3967402598896,10003865.0,10003865.0
randread,4kb,,ioqd,,0.09293946875000002,0.6367393437500001,0.90706053125,0.0,,1.3608689135952411e-06,31.462690499999994,wl_ioqd256_4kb_randread_scenario_1,nan,0.004373828913699049,101121,,,,,0,3954225,4207018,23119560,,,0,0,27161022,0,946952056.013071,903.0838546877584,1107.0,1.107,1107.0,231189.4668,,,23119560,23119560,,,0,256,,0.0,,,,31635.021393437502,31.36420089439807,4207018.0,8161243.0,0.90698103515625,1003.7805305983331,23119560.0,23119560.0
randwrite,4kb,,ioqd,,0.01557859375,0.9252020937500001,0.9844214062499999,0.0,,1.0192156794366582e-05,39.455724499999995,wl_ioqd256_4kb_randwrite_scenario_1,nan,0.003916287829453999,15155,,,,,0,696639,949481,3869736,,,0,3851711,968710,0,158520410.73159,151.17684434088707,6613.0,6.613,6613.0,38701.272151,,,0,3871185,,,3871185,256,,0.0,,,,5166.142199406249,200.99743761086677,949481.0,1646120.0,0.8806159765625,5797.612683054763,3889205.0,3889205.0
seqread,128kb,,ioqd,,0.17441959375,0.31088621874999994,0.8255804062499998,0.0,,1.6039104659144107e-05,22.3390725,wl_ioqd32_128kb_seqread_scenario_1,nan,0.0,0,,,,,0,16249,366401,22284608,,,0,0,13261203,0,1825519004.662499,1740.9505888581266,2297.0,2.297,2297.0,13927.604711,,,1392788,1392788,,,0,32,,0.0,,,,125.04385110937501,104.96173265386123,366401.0,382650.0,0.53589883203125,615.125,22284608.0,22284608.0
seqwrite,128kb,,ioqd,,0.046985000000000034,0.95202365625,0.9530150000000004,0.0,,0.00010910444126648935,40.816517,wl_ioqd32_128kb_seqwrite_scenario_1,nan,0.0,0,,,,,0,4280,126493,5985680,,,0,4049803,126485,0,490288119.603394,467.5751873048725,8554.0,8.554,8554.0,3740.601498,,,0,374105,,,374105,32,,0.0,,,,31.363228484375,691.0813317733783,126493.0,130773.0,0.20789026562499996,888.6562472434209,5985680.0,5985680.0
mixed,4kb,,ioqd,,0.03860353125000001,0.8810742187499998,0.9613964687499998,0.0,,3.981689911484905e-06,38.412031500000005,wl_ioqd32_4kb_mixed_scenario_1,nan,0.004256013491526485,41055,,,,,0,1742259,1995080,9646351,,,0,2882654,8768735,0,395094262.506229,376.7912507116594,331.0,0.331,331.0,96458.560182,,,6753046,9647168,,,2894122,32,,0.0,,,,13291.355367640625,150.60502218289537,1995080.0,3737339.0,0.6720308632812501,1777.8929262878855,9675316.0,9675316.0
randread,4kb,,ioqd,,0.07084603125,0.49229681249999996,0.92915396875,0.0,,1.4984934466243523e-06,26.487034500000007,wl_ioqd32_4kb_randread_scenario_1,nan,0.004382777876343307,77469,,,,,0,3080947,3333827,17675776,,,0,0,20999147,0,723996887.357937,690.4572366313333,181.0,0.181,181.0,176757.052578,,,17675776,17675776,,,0,32,,0.0,,,,24185.885177953118,17.442847246060424,3333827.0,6414774.0,0.059459375,85.62529860075168,17675776.0,17675776.0
randwrite,4kb,,ioqd,,0.015578843749999998,0.9251995312500001,0.9844211562499997,0.0,,1.0192560547286715e-05,39.45564650000001,wl_ioqd32_4kb_randwrite_scenario_1,nan,0.003915934932372401,15153,,,,,0,696608,949455,3869574,,,0,3851499,968700,0,158521921.523482,151.1782851443119,826.0,0.826,826.0,38701.640997,,,0,3871024,,,3871024,32,,0.0,,,,5166.004722015626,200.99843080125123,949455.0,1646063.0,0.880592953125,5797.444757489182,3889043.0,3889043.0
seqread,128kb,,ioqd,,0.18193581250000002,0.2823803125,0.8180641874999998,0.0,,1.4843576184853552e-05,21.547143000000005,wl_ioqd512_128kb_seqread_scenario_1,nan,0.0,0,,,,,0,16937,376124,23225824,,,0,0,12048298,0,1902140509.071885,1814.0225496977664,35275.0,35.275,35275.0,14512.180398,,,1451614,1451614,,,0,512,,0.0,,,,130.36331409375003,105.53702860370274,376124.0,393061.0,5.560588742187502,6130.25,23225824.0,23225824.0
seqwrite,128kb,,ioqd,,0.046985500000000006,0.9520294999999999,0.9530145,0.0,,0.00010896515343646968,40.816711999999995,wl_ioqd512_128kb_seqwrite_scenario_1,nan,0.0,0,,,,,0,4280,126652,5993360,,,0,4054981,126644,0,490293289.602365,467.580117800107,136778.0,136.778,136778.0,3740.640942,,,0,374585,,,374585,512,,0.0,,,,31.32338709375,691.1105688448965,126652.0,130932.0,0.20789000000000002,888.687497330379,5993360.0,5993360.0
mixed,4kb,,ioqd,,0.03991009375000001,0.9090649375000001,0.9600899062500001,0.0,,3.943124353881233e-06,39.32863949999999,wl_ioqd512_4kb_mixed_scenario_1,nan,0.004248822534501755,42374,,,,,0,1800637,2053401,9973116,,,0,2974066,9056293,0,408401506.502094,389.48202753266713,5133.0,5.133,5133.0,99707.399048,,,6982150,9973979,,,2991829,512,,0.0,,,,13864.061965624996,157.68997736919044,2053401.0,3854038.0,1.0169045546875002,2602.519485726521,10003938.0,10003938.0
randread,4kb,,ioqd,,0.094831875,0.64556709375,0.905168125,0.0,,1.3474603525830032e-06,31.775457000000003,wl_ioqd512_4kb_randread_scenario_1,nan,0.00437732791365929,103225,,,,,0,4026607,4279385,23581738,,,0,0,27538816,0,965839296.105874,921.096130472063,2171.0,2.171,2171.0,235800.609401,,,23581738,23581738,,,0,512,,0.0,,,,32238.718914343754,33.47297782131261,4279385.0,8305992.0,1.9035643281249999,2066.119950785646,23581738.0,23581738.0
randwrite,4kb,,ioqd,,0.015578343749999996,0.9251826562500002,0.98442165625,0.0,,1.0191321138563136e-05,39.455098500000005,wl_ioqd512_4kb_randwrite_scenario_1,nan,0.003916804974481853,15158,,,,,0,696673,949515,3869991,,,0,3851965,968748,0,158517218.642192,151.17380012721253,13225.0,13.225,13225.0,38700.492833,,,0,3871441,,,3871441,512,,0.0,,,,5166.305279734375,200.96035385994796,949515.0,1646188.0,0.8805976562499999,5797.636456848553,3889464.0,3889464.0
seqread,128kb,,ioqd,,0.14189471874999998,0.41601784375000006,0.85810528125,0.0,,2.2107879440711932e-05,25.182886499999995,wl_ioqd8_128kb_seqread_scenario_1,nan,0.0,0,,,,,0,13342,328963,18225456,,,0,0,17745461,0,1493021069.954782,1423.8558482692547,702.0,0.702,702.0,11390.846786,,,1139091,1139091,,,0,8,,0.0,,,,102.8359144375,120.91138020186676,328963.0,342305.0,0.11376264453125,159.31250164604936,18225456.0,18225456.0
seqwrite,128kb,,ioqd,,0.04698543750000001,0.9520297187500002,0.9530145625,0.0,,0.00010911197842178565,40.816718,wl_ioqd8_128kb_seqwrite_scenario_1,nan,0.0,0,,,,,0,4280,126484,5985296,,,0,4049536,126476,0,490292078.886361,467.5789631713495,2138.0,2.138,2138.0,3740.631705,,,0,374081,,,374081,8,,0.0,,,,31.365493062499993,691.0794561194213,126484.0,130764.0,0.20789093749999998,888.624997159706,5985296.0,5985296.0
mixed,4kb,,ioqd,,0.018111062500000007,0.41751171875000004,0.9818889375,0.0,,5.137774772475407e-06,23.250151999999996,wl_ioqd8_4kb_mixed_scenario_1,nan,0.004275641418033227,19348,,,,,0,810523,1063439,4525169,,,0,1357487,4237956,0,185356456.460628,176.76969190657425,176.0,0.176,176.0,45253.041128,,,3167521,4525335,,,1357814,8,,0.0,,,,5932.66862103125,73.24170073886236,1063439.0,1873962.0,0.032803687500000005,184.77722321998013,4532941.0,4532941.0
randread,4kb,,ioqd,,0.029638343750000008,0.2112235,0.97036165625,0.0,,2.2662546354354945e-06,16.833365500000006,wl_ioqd8_4kb_randread_scenario_1,nan,0.0043233324380522725,32113,,,,,0,1329340,1582273,7427835,,,0,0,9009811,0,304243823.553623,290.1495204483252,107.0,0.107,107.0,74278.277235,,,7427835,7427835,,,0,8,,0.0,,,,9954.1129291875,6.028729779678824,1582273.0,2911613.0,0.0041590742187499995,14.0,7427835.0,7427835.0
randwrite,4kb,,ioqd,,0.015578624999999997,0.9251912500000002,0.9844213749999999,0.0,,1.0192667601319261e-05,39.455378,wl_ioqd8_4kb_randwrite_scenario_1,nan,0.00391497204809712,15149,,,,,0,696604,949449,3869504,,,0,3851462,968678,0,158519341.341776,151.17582449128724,206.0,0.206,206.0,38701.01107,,,0,3870957,,,3870957,8,,0.0,,,,5165.9201584375005,200.62043263491515,949449.0,1646053.0,0.88059455859375,5797.488736469093,3888967.0,3888967.0
tpcc,,128MB,tpcc,,0.005468093750000001,0.13110731250000002,0.9945319062499999,0.0,,0.0019835581511644523,13.8829235,wl_tpcc_cache128MB_scenario_1,nan,0.00415564790328674,55,,,,,0,0,6921,13235,,,0,4706,15043,0,53787927.907491,51.296165378085135,3415.0,3.415,3415.0,6303.921298,,,4381,6999,,,2618,,cache,0.0,,,,0.0304240625,311.8766074266724,6921.0,6921.0,0.10810595312499997,2320.557561565191,13238.0,13238.0
tpcc,,1GB,tpcc,,0.005468093750000001,0.13110731250000002,0.9945319062499999,0.0,,0.0019835581511644523,13.8829235,wl_tpcc_cache1GB_scenario_1,nan,0.00415564790328674,55,,,,,0,0,6921,13235,,,0,4706,15043,0,53787927.907491,51.296165378085135,3415.0,3.415,3415.0,6303.921298,,,4381,6999,,,2618,,cache,0.0,,,,0.0304240625,311.8766074266724,6921.0,6921.0,0.10810595312499997,2320.557561565191,13238.0,13238.0
tpcc,,256MB,tpcc,,0.005468093750000001,0.13110731250000002,0.9945319062499999,0.0,,0.0019835581511644523,13.8829235,wl_tpcc_cache256MB_scenario_1,nan,0.00415564790328674,55,,,,,0,0,6921,13235,,,0,4706,15043,0,53787927.907491,51.296165378085135,3415.0,3.415,3415.0,6303.921298,,,4381,6999,,,2618,,cache,0.0,,,,0.0304240625,311.8766074266724,6921.0,6921.0,0.10810595312499997,2320.557561565191,13238.0,13238.0
tpcc,,,tpcc,16,0.0054746875,0.13137453124999998,0.9945253125000001,0.0,2,0.0019847949707101015,13.891580000000001,wl_tpcc_ch16_chip2_scenario_1,nan,0.004231205137891953,56,,,,,0,0,6921,13235,,,0,4711,15043,0,53854264.382673,51.35942877070713,3152.0,3.152,3152.0,6311.695903,,,4381,6999,,,2618,,ch_chip,0.0,,,,0.031049968750000004,317.81216587198384,6921.0,6921.0,0.10702627734374999,2294.546683789092,13238.0,13238.0
tpcc,,,tpcc,16,0.002814000000000001,0.07054432812499997,0.997186,0.0,4,0.0034011837405343633,23.80488500000001,wl_tpcc_ch16_chip4_scenario_1,nan,0.0043064369900271985,57,,,,,0,0,6900,13236,,,0,4979,15086,0,55408938.666122,52.84208170520973,415.0,0.415,415.0,6493.90304,,,4381,6999,,,2618,,ch_chip,0.0,,,,0.009412242187500003,187.77144927536233,6900.0,6900.0,0.007550378906249999,314.24059525608095,13238.0,13238.0
tpcc,,,tpcc,16,0.0014083749999999997,0.03547860156250001,0.9985916250000004,0.0,8,0.006148220745820828,43.03139699999998,wl_tpcc_ch16_chip8_scenario_1,nan,0.0043064369900271985,57,,,,,0,0,6919,13236,,,0,5006,15135,0,55460507.388955,52.891261471705434,257.0,0.257,257.0,6499.946871,,,4381,6999,,,2618,,ch_chip,0.0,,,,0.0023750234375000006,94.113455701691,6919.0,6919.0,0.0014056015625,116.55846804653271,13238.0,13238.0
tpcc,,,tpcc,4,0.015144874999999999,0.376742875,0.9848551249999999,0.0,2,0.0007821863837691097,5.474522499999999,wl_tpcc_ch4_chip2_scenario_1,nan,0.004353600944510035,59,,,,,0,0,7203,13552,,,0,4928,15360,0,37124001.721861,35.404206964360235,78390.0,202.647,202647.0,4350.916539,,,4381,6999,,,2618,,ch_chip,0.0,,,,0.078838375,281.01679855615714,7203.0,7203.0,0.3674415468750001,2790.1313906307637,13555.0,13555.0
tpcc,,,tpcc,4,0.009541000000000003,0.23470649999999998,0.990459,0.0,4,0.001233266466638091,8.631632,wl_tpcc_ch4_chip4_scenario_1,nan,0.004231205137891953,56,,,,,0,0,7040,13235,,,0,4861,15156,0,46889667.56994,44.71747166627884,34812.0,65.826,65826.0,5495.448245,,,4381,6999,,,2618,,ch_chip,0.0,,,,0.05211387499999999,301.2164772727273,7040.0,7040.0,0.215363578125,2651.6612781386916,13238.0,13238.0
tpcc,,,tpcc,4,0.005448468750000001,0.13068528125,0.9945515312500001,0.0,8,0.001981583726246606,13.869104499999997,wl_tpcc_ch4_chip8_scenario_1,nan,0.004231205137891953,56,,,,,0,0,6934,13235,,,0,4709,15043,0,53588910.834375,51.106367906928064,4653.0,4.653,4653.0,6280.596585,,,4381,6999,,,2618,,ch_chip,0.0,,,,0.030165718750000004,309.7763195846553,6934.0,6934.0,0.11320674218749996,2439.166868106965,13238.0,13238.0
tpcc,,,tpcc,8,0.009577500000000001,0.23541106249999996,0.9904225,0.0,2,0.0012349188455493642,8.643197,wl_tpcc_ch8_chip2_scenario_1,nan,0.004231205137891953,56,,,,,0,0,7041,13235,,,0,4857,15146,0,47067293.384987,44.88686884401989,34032.0,63.089,63089.0,5516.265912,,,4381,6999,,,2618,,ch_chip,0.0,,,,0.05132378125,295.3084789092458,7041.0,7041.0,0.21245616406249995,2605.8838948481643,13238.0,13238.0
tpcc,,,tpcc,8,0.005468093750000001,0.13110731250000002,0.9945319062499999,0.0,4,0.0019835581511644523,13.8829235,wl_tpcc_ch8_chip4_scenario_1,nan,0.00415564790328674,55,,,,,0,0,6921,13235,,,0,4706,15043,0,53787927.907491,51.296165378085135,3415.0,3.415,3415.0,6303.921298,,,4381,6999,,,2618,,ch_chip,0.0,,,,0.0304240625,311.8766074266724,6921.0,6921.0,0.10810595312499997,2320.557561565191,13238.0,13238.0
tpcc,,,tpcc,8,0.0028144218750000005,0.07054401562500003,0.9971855781249999,0.0,8,0.00340118281183026,23.80487849999999,wl_tpcc_ch8_chip8_scenario_1,nan,0.0043064369900271985,57,,,,,0,0,6902,13236,,,0,4978,15088,0,55415542.841555,52.848379937701225,422.0,0.422,422.0,6494.677046,,,4381,6999,,,2618,,ch_chip,0.0,,,,0.009552765624999997,190.4617502173283,6902.0,6902.0,0.0077089277343750035,320.8195346729113,13238.0,13238.0
tpcc,,,tpcc,,0.005468093750000001,0.13110731250000002,0.9945319062499999,0.0,,0.0019835581511644523,13.8829235,wl_tpcc_ioqd128_scenario_1,nan,0.00415564790328674,55,,,,,0,0,6921,13235,,,0,4706,15043,0,53787927.907491,51.296165378085135,3415.0,3.415,3415.0,6303.921298,,,4381,6999,,,2618,128,ioqd,0.0,,,,0.0304240625,311.8766074266724,6921.0,6921.0,0.10810595312499997,2320.557561565191,13238.0,13238.0
tpcc,,,tpcc,,0.005468093750000001,0.13110731250000002,0.9945319062499999,0.0,,0.0019835581511644523,13.8829235,wl_tpcc_ioqd256_scenario_1,nan,0.00415564790328674,55,,,,,0,0,6921,13235,,,0,4706,15043,0,53787927.907491,51.296165378085135,3415.0,3.415,3415.0,6303.921298,,,4381,6999,,,2618,256,ioqd,0.0,,,,0.0304240625,311.8766074266724,6921.0,6921.0,0.10810595312499997,2320.557561565191,13238.0,13238.0
tpcc,,,tpcc,,0.005468093750000001,0.13110731250000002,0.9945319062499999,0.0,,0.0019835581511644523,13.8829235,wl_tpcc_ioqd32_scenario_1,nan,0.00415564790328674,55,,,,,0,0,6921,13235,,,0,4706,15043,0,53787927.907491,51.296165378085135,3415.0,3.415,3415.0,6303.921298,,,4381,6999,,,2618,32,ioqd,0.0,,,,0.0304240625,311.8766074266724,6921.0,6921.0,0.10810595312499997,2320.557561565191,13238.0,13238.0
tpcc,,,tpcc,,0.005468093750000001,0.13110731250000002,0.9945319062499999,0.0,,0.0019835581511644523,13.8829235,wl_tpcc_ioqd512_scenario_1,nan,0.00415564790328674,55,,,,,0,0,6921,13235,,,0,4706,15043,0,53787927.907491,51.296165378085135,3415.0,3.415,3415.0,6303.921298,,,4381,6999,,,2618,512,ioqd,0.0,,,,0.0304240625,311.8766074266724,6921.0,6921.0,0.10810595312499997,2320.557561565191,13238.0,13238.0
tpcc,,,tpcc,,0.00546284375,0.13116128124999998,0.9945371562500003,0.0,,0.0019837928989855694,13.8845665,wl_tpcc_ioqd8_scenario_1,nan,0.00415564790328674,55,,,,,0,0,6922,13235,,,0,4714,15047,0,53737455.870743,51.248031492941855,3487.0,3.488,3488.0,6298.005997,,,4381,6999,,,2618,8,ioqd,0.0,,,,0.03034576562499999,311.302224790523,6922.0,6922.0,0.10873929296875,2336.37279045173,13238.0,13238.0
